Unnamed: 0,"Ogółem
Grand total",Unnamed: 2,"kobiety
females",Unnamed: 4,"dotychczas niepracujący
previously not employed",Unnamed: 6,"uprzednio pracujący ogółem
previously working total",Unnamed: 8,"zwolnieni z przyczyn dotyczących zakładów pracy
terninated for company reasons",Unnamed: 10,"bez prawa do zasiłku
without benefit rights",Unnamed: 12,"absolwenci
graduates",Unnamed: 14,"bez kwalifikacji zawodowych
without occupational qualifications
",Unnamed: 16,"pozostający bez pracy dłużej 
niż 1 rok
out of job for period longer then 1 year",Unnamed: 18,Unnamed: 19,Unnamed: 20,"Ogółem
Grand total.1",Unnamed: 22,"Bezrobotni zarejestrowani po raz kolejny
reentrants to
unemployment
rolls",Unnamed: 24,"Ogółem
Grand total.2",Unnamed: 26,"Bezrobotni wyrejestrowani z tytułu podjęcia pracy
Persons removed from unemployment rolls by receiving job",Unnamed: 28,"Zgłoszone w ciągu miesiąca
Declaring during a month",Unnamed: 30,"Zgłoszone w ciągu miesiąca w sektorze prywatnym
Declaring during a month in private sector",Unnamed: 32,"Stan na koniec miesiąca
end of month",Unnamed: 34
,tysiące    thousand,,,,,,,,,,,,,,,,,,%   ,,tysiące    thousand,,,,,,,,,,,,,
2010 M01,2052.5,,1024.9,,420.7,,1631.8,,72.8,,1633.3,,132.6,,555.9,,.,,12.9,,316.8,,256.3,,157.3,,64.7,,60.4,,39.1,,30.8,
2010 M02,2101.5,,1033.9,,422.1,,1679.5,,74.4,,1674.7,,132.9,,570.5,,.,,13.2,,238.8,,188.8,,189.7,,70.1,,82.0,,49.4,,42.6,
2010 M03,2076.7,,1016.0,,408.6,,1668.1,,73.8,,1663.1,,125.9,,566.4,,550.4,,13,,242.8,,193.7,,267.6,,99.6,,117.9,,73.6,,55.6,
2010 M04,1973.8,,977.9,,382.6,,1591.2,,71.5,,1588.3,,66.0,,536.4,,.,,12.4,,203.1,,166.4,,306.1,,129.8,,108.7,,71.7,,53.0,
2010 M05,1907.9,,960.0,,384.7,,1522.3,,69.0,,1545.0,,86.1,,520.0,,.,,12.1,,213.5,,154.1,,279.4,,113.6,,89.2,,65.6,,50.9,
2010 M06,1843.9,,941.8,,376.6,,1467.4,,67.3,,1496.1,,66.0,,503.2,,529.6,,11.7,,213.2,,160.2,,277.2,,104.9,,90.8,,66.4,,51.1,
2010 M07,1812.8,,944.8,,376.1,,1436.7,,65.8,,1486.8,,74.4,,486.4,,.,,11.5,,242.4,,183.6,,273.5,,104.0,,90.4,,68.4,,48.1,
2010 M08,1800.2,,953.0,,380.4,,1419.8,,63.1,,1489.1,,88.6,,479.1,,.,,11.4,,233,,179.1,,245.7,,91.9,,87.9,,65.1,,52.7,
2010 M09,1812.6,,962.8,,391.7,,1420.9,,61.5,,1514.3,,111.7,,482.5,,539.5,,11.5,,295.4,,217.4,,283.0,,115.3,,99.0,,70.4,,53.0,
2010 M10,1818.6,,965.7,,387.8,,1430.9,,60.6,,1522.2,,111.8,,482.2,,.,,11.5,,283.1,,226.5,,277.1,,107.1,,88.8,,66.2,,43.2,
2010 M11,1858.3,,979.0,,388.7,,1469.6,,60.3,,1553.8,,114.0,,491.7,,.,,11.7,,263.1,,217.2,,223.0,,92.4,,61.3,,50.0,,35.1,
2010 M12,1954.7,,1014.8,,405.1,,1549.6,,61.2,,1628.1,,122.6,,516.1,,568.7,,12.4,,296.7,,259.0,,200.2,,89.9,,44.8,,38.2,,23.5,
2011 M01,2105,,1080.5,,427.9,,1677.1,,63.2,,1745.0,,137.1,,551.6,,.,,13.1,,302.6,,250.8,,152.3,,70.8,,46.6,,37.4,,29.0,
2011 M02,2150.2,,1097.9,,436.7,,1713.5,,62.5,,1789.1,,143.1,,565.9,,.,,13.4,,212.6,,172.5,,167.4,,76.7,,50.7,,39.4,,34.5,
2011 M03,2133.9,,1093.7,,433.0,,1700.9,,62.5,,1783.7,,142.8,,630.7,,620.3,,13.3,,218.9,,178.5,,235.2,,106.5,,83.2,,61.0,,47.7,
2011 M04,2043.5,,1060.5,,411.5,,1632.0,,61.5,,1712.9,,124.7,,619.1,,.,,12.8,,169.6,,139.7,,260.0,,121.9,,78.4,,56.6,,44.1,
2011 M05,1962.6,,1034.2,,402.2,,1560.4,,60.1,,1647.2,,90.5,,600.8,,.,,12.4,,174.4,,127.6,,255.4,,110.3,,76.3,,61.5,,48.0,
2011 M06,1883.3,,1008.3,,386.3,,1497.0,,58.4,,1579.4,,62.4,,576.7,,600.2,,11.9,,173.7,,132.8,,253.0,,100.8,,68.3,,57.0,,47.0,
2011 M07,1863.2,,1012.1,,383.3,,1479.9,,57.9,,1569.3,,67.5,,565.7,,.,,11.8,,198.5,,151.4,,218.6,,89.0,,63.1,,51.4,,45.0,
2011 M08,1855.3,,1019.7,,383.2,,1472.1,,56.6,,1561.1,,81.1,,560.6,,.,,11.8,,202.2,,156.8,,210.1,,84.0,,72.6,,58.8,,50.1,
2011 M09,1861.7,,1024.6,,391.0,,1470.7,,55.8,,1572.9,,106.2,,564.0,,623.2,,11.8,,246.1,,176.2,,239.8,,111.9,,69.0,,57.3,,49.5,
2011 M10,1867.6,,1026.1,,388.4,,1479.2,,55.8,,1576.5,,112.4,,563.7,,.,,11.8,,225.8,,175.0,,219.9,,98.2,,54.9,,47.1,,40.0,
2011 M11,1914.9,,1041.4,,391.5,,1523.5,,56.6,,1609.9,,118.9,,576.0,,.,,12.1,,232.4,,187.8,,185.1,,83.7,,44.9,,39.4,,33.2,
2011 M12,1982.7,,1060.2,,394.4,,1588.3,,58.7,,1656.2,,123.9,,591.3,,685.2,,12.5,,234.7,,198.8,,166.9,,76.9,,35.1,,30.4,,22.0,
2012 M01,2121.5,,1112.4,,408.1,,1713.4,,62.7,,1753.9,,134.7,,628.9,,.,,13.2,,287.8,,233.2,,149.0,,71.4,,49.0,,38.1,,31.1,
2012 M02,2168.2,,1121.0,,411.5,,1756.6,,63.9,,1793.3,,137.7,,644.0,,.,,13.4,,211,,167.8,,164.3,,71.3,,60.8,,41.0,,37.5,
2012 M03,2141.9,,1102.8,,399.6,,1742.3,,64.5,,1779.0,,131.8,,636.9,,739.7,,13.3,,193.7,,154.6,,219.9,,92.9,,86.9,,59.3,,42.4,
2012 M04,2072.6,,1073.6,,382.2,,1690.4,,65.0,,1723.5,,75.2,,616.5,,.,,12.9,,170.3,,136.5,,239.6,,107.4,,74.6,,55.6,,42.4,
2012 M05,2013.9,,1052.5,,377.1,,1636.8,,65.8,,1677.2,,86.8,,605.0,,.,,12.6,,179.5,,133.2,,238.2,,101.9,,74.3,,61.4,,46.8,
2012 M06,1964.4,,1033.6,,369.1,,1595.4,,67.3,,1635.8,,58.5,,591.3,,707.9,,12.3,,176.5,,135.4,,226.0,,94.6,,67.3,,55.7,,44.4,
2012 M07,1953.2,,1039.0,,369.8,,1583.4,,67.5,,1632.0,,67.3,,582.5,,.,,12.3,,212.8,,161.5,,224.0,,91.4,,64.4,,54.4,,44.1,
2012 M08,1964.7,,1052.5,,377.8,,1586.9,,67.5,,1648.5,,82.9,,584.0,,.,,12.4,,207.3,,158.9,,195.8,,79.7,,74.4,,57.7,,51.8,
2012 M09,1979,,1056.1,,388.1,,1590.9,,68.4,,1668.6,,107.6,,588.6,,721.1,,12.4,,255.3,,182.5,,241.0,,108.8,,82.9,,60.9,,44.0,
2012 M10,1994.9,,1058.0,,385.7,,1609.2,,72.1,,1675.8,,115.4,,588.8,,.,,12.5,,264,,202.5,,248.1,,104.5,,67.5,,55.4,,38.0,
2012 M11,2058.1,,1078.2,,391.3,,1666.8,,79.2,,1723.7,,121.5,,605.0,,.,,12.9,,252.7,,203.7,,189.4,,88.4,,49.1,,42.4,,33.2,
2012 M12,2136.8,,1099.2,,397.0,,1739.8,,87.7,,1778.6,,126.5,,623.2,,757.2,,13.4,,244.1,,208.7,,165.4,,84.0,,35.7,,31.0,,23.1,
2013 M01,2295.7,,1155.9,,413.4,,1882.3,,100.7,,1896.5,,137.9,,671.6,,.,,14.2,,317.9,,258.3,,159.0,,78.3,,64.0,,45.9,,37.0,
2013 M02,2336.7,,1161.9,,414.6,,1922.1,,108.4,,1931.1,,139.5,,684.1,,.,,14.4,,224.9,,178.6,,184.0,,80.5,,82.8,,54.6,,43.3,
2013 M03,2314.5,,1140.8,,402.6,,1911.8,,113.6,,1916.0,,132.5,,677.6,,811.5,,14.3,,213.9,,172.5,,236.1,,99.9,,89.0,,60.9,,40.8,
2013 M04,2255.7,,1114.6,,389.9,,1865.8,,116.3,,1872.9,,78.7,,663.8,,.,,14,,200.7,,159.3,,259.4,,116.0,,85.0,,63.5,,44.3,
2013 M05,2176.3,,1087.6,,383.3,,1793.0,,115.9,,1817.5,,86.8,,647.5,,.,,13.6,,176.2,,134.1,,255.5,,120.5,,76.4,,62.8,,47.0,
2013 M06,2109.1,,1064.3,,374.8,,1734.4,,115.1,,1769.1,,58.2,,631.0,,783.4,,13.2,,177.7,,137.6,,244.8,,111.1,,76.1,,64.2,,48.1,
2013 M07,2093.1,,1077.4,,377.4,,1715.7,,113.9,,1771.7,,67.5,,625.1,,.,,13.1,,236.3,,183.7,,252.3,,111.8,,77.7,,65.2,,51.0,
2013 M08,2083.2,,1084.1,,381.3,,1701.9,,113.3,,1776.6,,79.0,,622.9,,.,,13,,203.6,,161.3,,213.3,,95.2,,77.2,,64.1,,52.6,
2013 M09,2083.1,,1084.3,,393.8,,1689.4,,111.9,,1793.1,,106.1,,627.2,,791,,13,,252.5,,183.9,,252.6,,130.6,,73.5,,62.7,,50.5,
2013 M10,2075.2,,1080.0,,389.7,,1685.5,,111.3,,1790.5,,114.0,,622.8,,.,,13,,245.8,,191.6,,253.8,,123.4,,70.4,,62.4,,46.8,
2013 M11,2116,,1093.6,,393.8,,1722.3,,111.8,,1828.8,,119.1,,635.2,,.,,13.2,,229.8,,190.0,,188.9,,97.2,,55.7,,49.0,,38.5,
2013 M12,2157.9,,1099.5,,393.2,,1764.7,,113.5,,1860.1,,121.2,,645.2,,827.1,,13.4,,230.2,,199.7,,188.4,,98.2,,46.3,,40.7,,30.6,
2014 M01,2260.7,,1135.4,,401.5,,1859.2,,117.9,,1944.2,,128.4,,675.4,,.,,13.9,,269.2,,221.1,,166.5,,84.1,,76.2,,59.2,,46.7,
2014 M02,2255.9,,1122.0,,394.8,,1861.1,,118.0,,1943.7,,124.8,,677.4,,.,,13.9,,194.1,,156.5,,199.6,,89.1,,97.4,,69.6,,56.2,
2014 M03,2182.2,,1083.9,,374.9,,1807.4,,116.0,,1885.7,,113.1,,658.0,,868.4,,13.5,,186.8,,152.2,,260.5,,113.6,,108.7,,81.8,,61.1,
2014 M04,2079,,1040.0,,355.3,,1723.8,,112.5,,1800.2,,65.3,,629.8,,.,,13,,172.5,,139.7,,275.6,,125.1,,102.0,,83.2,,65.6,
2014 M05,1986.7,,1001.3,,342.8,,1643.9,,108.6,,1723.5,,70.0,,608.1,,.,,12.5,,166.7,,130.8,,259.1,,113.7,,95.9,,83.4,,66.8,
2014 M06,1912.5,,972.7,,331.0,,1581.5,,105.7,,1659.5,,45.9,,586.8,,816.2,,12,,159.7,,127.9,,233.9,,102.9,,85.3,,76.5,,72.7,
2014 M07,1878.5,,970.2,,328.2,,1550.4,,103.0,,1632.3,,53.0,,573.2,,.,,11.8,,200.2,,156.8,,234.2,,100.0,,96.5,,85.5,,77.8,
2014 M08,1853.2,,968.1,,326.3,,1526.9,,100.7,,1614.7,,60.3,,564.3,,.,,11.7,,182.9,,148.1,,208.2,,90.7,,94.1,,79.7,,74.5,
2014 M09,1821.9,,952.9,,330.9,,1491.0,,97.8,,1592.6,,81.7,,558.1,,786,,11.5,,242.8,,183.3,,274.1,,137.9,,116.8,,99.0,,86.5,
2014 M10,1784.8,,932.9,,320.6,,1464.2,,95.0,,1557.2,,84.2,,543.7,,.,,11.3,,232.4,,186.1,,269.5,,123.8,,97.9,,85.3,,74.3,
2014 M11,1799.8,,936.7,,319.4,,1480.4,,94.7,,1569.4,,85.0,,545.9,,.,,11.4,,213.2,,180.3,,198.2,,96.8,,69.1,,62.1,,56.4,
2014 M12,1825.2,,939.6,,315.4,,1509.8,,94.6,,1582.8,,85.4,,550.4,,760.1,,11.4,,232.3,,204.9,,206.9,,108.1,,54.9,,49.8,,39.7,
2015 M01,1918.6,,976.3,,321.5,,1597.1,,97.7,,1651.4,,90.8,,576.4,,.,,11.9,,247.3,,207.8,,153.8,,77.2,,72.1,,59.3,,48.4,
2015 M02,1918.7,,969.0,,317.2,,1601.5,,99.4,,1649.8,,89.7,,578.6,,.,,11.9,,189.3,,154.5,,189.2,,88.5,,96.6,,74.1,,57.8,
2015 M03,1860.6,,938.7,,302.8,,1557.9,,97.7,,1603.8,,83.2,,563.9,,754.5,,11.5,,187.6,,157.1,,245.7,,115.6,,114.4,,91.4,,69.9,
2015 M04,1782.2,,906.9,,289.8,,1492.4,,94.8,,1536.8,,47.9,,542.7,,.,,11.1,,175,,145.4,,253.5,,124.5,,111.2,,93.2,,79.0,
2015 M05,1702.1,,874.2,,277.0,,1425.1,,93.2,,1469.0,,51.9,,522.0,,.,,10.7,,161.4,,129.4,,241.5,,113.8,,122.3,,107.5,,85.2,
2015 M06,1622.3,,841.9,,259.9,,1362.4,,90.2,,1395.1,,37.0,,497.7,,682.3,,10.2,,163.7,,133.3,,243.5,,108.1,,119.9,,107.7,,93.8,
2015 M07,1585.7,,836.6,,252.7,,1333.0,,88.5,,1362.3,,40.8,,482.0,,.,,10,,194.8,,155.5,,231.4,,101.5,,118.1,,104.5,,92.3,
2015 M08,1563.5,,833.0,,250.9,,1312.6,,86.5,,1347.6,,47.3,,474.4,,.,,9.9,,173.5,,141.1,,195.6,,88.7,,119.1,,103.5,,97.9,
2015 M09,1539.4,,817.1,,255.6,,1283.8,,83.5,,1333.7,,67.1,,473.6,,638.2,,9.7,,227.6,,171.6,,251.8,,129.7,,127.8,,110.0,,97.0,
2015 M10,1516.9,,804.4,,250.8,,1266.1,,81.1,,1313.9,,70.2,,466.8,,.,,9.6,,211.4,,170.3,,233.8,,115.5,,110.5,,100.1,,82.6,
2015 M11,1530.6,,806.2,,249.6,,1281.0,,79.9,,1323.1,,70.7,,470.2,,.,,9.6,,204.7,,172.5,,191.0,,101.0,,88.4,,80.3,,73.5,
2015 M12,1563.3,,816.1,,250.1,,1313.2,,79.5,,1346.0,,71.6,,478.4,,620.9,,9.7,,232.4,,207.8,,199.7,,119.9,,78.6,,72.7,,51.2,
2016 M01,1647.5,,848.8,,254.5,,1392.9,,82.7,,1409.2,,76.1,,502.4,,.,,10.2,,223.6,,189.3,,139.5,,77.9,,87.0,,73.4,,61.3,
2016 M02,1652.7,,846.3,,251.6,,1401.1,,82.2,,1416.0,,75.9,,506.3,,.,,10.2,,190.7,,157.4,,185.5,,92.9,,130.1,,105.3,,77.3,
2016 M03,1600.5,,819.0,,238.1,,1362.3,,79.5,,1377.3,,69.2,,491.2,,625.8,,9.9,,185.7,,157.5,,237.9,,115.9,,140.5,,115.9,,84.6,
2016 M04,1521.8,,786.4,,223.8,,1298.1,,76.2,,1312.4,,36.4,,468.8,,.,,9.4,,172.8,,147.3,,251.4,,125.9,,140.9,,122.6,,91.8,
2016 M05,1456.9,,761.3,,219.7,,1237.2,,73.9,,1258.5,,44.2,,450.9,,.,,9.1,,154.4,,121.7,,219.4,,105.9,,126.3,,114.3,,96.7,
2016 M06,1392.5,,736.6,,208.9,,1183.6,,71.0,,1199.0,,30.4,,430.6,,578.5,,8.7,,155.5,,127.0,,219.9,,100.8,,146.0,,133.6,,113.6,
2016 M07,1361.5,,732.8,,202.8,,1158.7,,69.1,,1172.5,,32.3,,416.6,,.,,8.5,,161.4,,130.8,,192.4,,87.4,,128.8,,117.8,,101.3,
2016 M08,1346.9,,733.2,,202.0,,1144.9,,67.3,,1162.9,,38.1,,410.5,,.,,8.4,,166.8,,135.8,,181.4,,84.8,,138.3,,123.0,,108.1,
2016 M09,1324.1,,718.3,,204.9,,1119.2,,64.9,,1148.7,,52.7,,410.0,,554.7,,8.3,,202.2,,153.8,,225.0,,123.6,,139.1,,125.6,,108.5,
2016 M10,1308,,708.8,,200.3,,1107.7,,63.8,,1133.2,,54.4,,403.9,,.,,8.2,,185.8,,150.3,,202.0,,105.8,,117.0,,107.4,,89.5,
2016 M11,1313.6,,708.0,,195.9,,1117.7,,62.9,,1134.8,,52.5,,405.0,,.,,8.2,,180.5,,151.4,,174.8,,91.7,,110.4,,102.3,,87.3,
2016 M12,1335.2,,712.2,,193.7,,1141.5,,63.1,,1148.5,,52.0,,409.8,,542.8,,8.2,,190.3,,169.3,,168.8,,95.8,,90.6,,84.5,,63.0,
2017 M01,1397.1,,735.6,,195.0,,1202.1,,65.5,,1192.9,,55.2,,427.2,,.,,8.5,,203,,171.4,,141.0,,72.6,,122.7,,107.7,,85.1,
2017 M02,1383.4,,724.8,,189.6,,1193.8,,64.8,,1179.7,,53.1,,424.2,,.,,8.4,,153.3,,126.8,,167.0,,78.8,,137.5,,115.4,,94.1,
2017 M03,1324.2,,698.1,,179.6,,1144.6,,62.4,,1131.4,,48.6,,407.5,,531.1,,8,,164.2,,137.3,,223.5,,104.6,,169.9,,145.8,,108.3,
2017 M04,1252.7,,668.1,,168.8,,1083.9,,60.3,,1071.5,,26.2,,385.4,,.,,7.6,,134.4,,114.5,,206.0,,101.1,,135.6,,120.7,,99.9,
2017 M05,1202.1,,649.4,,168.0,,1034.1,,57.9,,1029.6,,33.3,,372.3,,.,,7.3,,143.1,,113.1,,193.7,,91.6,,153.3,,140.7,,120.3,
2017 M06,1151.6,,630.5,,160.7,,990.9,,55.9,,982.8,,23.8,,356.6,,493.4,,7,,136.8,,111.8,,187.3,,85.4,,148.3,,136.6,,119.3,
2017 M07,1140,,634.4,,158.5,,981.5,,54.5,,972.5,,26.1,,348.9,,.,,7,,153.4,,124.2,,165.1,,74.3,,136.9,,125.5,,109.5,
2017 M08,1136.1,,640.2,,159.3,,976.8,,52.8,,971.5,,31.1,,346.7,,.,,7,,158.1,,128.8,,162.0,,76.1,,154.3,,139.6,,120.3,
2017 M09,1117.1,,626.4,,162.1,,955.0,,51.1,,961.5,,42.4,,346.1,,469.8,,6.8,,179.6,,136.8,,198.6,,110.3,,156.0,,142.1,,113.9,
2017 M10,1069.5,,598.1,,156.6,,912.9,,47.9,,918.4,,43.2,,329.9,,.,,6.6,,174.4,,138.7,,222.0,,101.5,,153.2,,142.3,,110.8,
2017 M11,1067.7,,593.6,,152.9,,914.8,,46.9,,913.8,,40.6,,329.2,,.,,6.5,,159.1,,132.2,,161.0,,86.4,,130.2,,121.6,,105.1,
2017 M12,1081.7,,595.5,,150.4,,931.3,,46.8,,922.2,,38.4,,332.6,,438.4,,6.6,,155.3,,137.7,,141.2,,81.2,,97.2,,91.4,,66.9,
2018 M01,1133.7,,616.2,,152.0,,981.7,,47.8,,962.1,,40.9,,347.7,,.,,6.8,,183.4,,154.7,,131.4,,68.7,,145.5,,131.7,,103.3,
2018 M02,1126.7,,609.5,,149.5,,977.2,,46.8,,956.5,,40.0,,346.5,,.,,6.8,,134.9,,112.1,,141.9,,69.8,,130.0,,113.0,,102.4,
2018 M03,1092.2,,591.1,,143.6,,948.6,,45.4,,929.6,,37.3,,337.1,,430,,6.6,,137.3,,116.0,,171.9,,83.3,,149.2,,132.4,,99.7,
2018 M04,1042.5,,572.0,,137.8,,904.8,,43.9,,888.1,,20.7,,322.7,,.,,6.3,,126,,106.8,,175.7,,88.4,,141.0,,128.0,,113.7,
2018 M05,1002.2,,556.2,,136.1,,866.0,,42.3,,854.4,,24.5,,311.7,,.,,6.1,,120.1,,97.5,,160.5,,78.6,,141.5,,128.6,,112.1,
2018 M06,967.9,,543.7,,131.6,,836.3,,41.0,,822.8,,17.9,,300.7,,402.4,,5.8,,120.8,,99.6,,155.0,,72.6,,138.8,,128.0,,110.6,
2018 M07,961.8,,547.9,,130.0,,831.8,,40.3,,816.2,,19.8,,295.2,,.,,5.8,,137.8,,112.0,,143.9,,66.0,,130.4,,117.7,,106.0,
2018 M08,958.6,,551.2,,130.4,,828.2,,39.7,,814.9,,23.5,,293.8,,.,,5.8,,133.1,,108.3,,136.2,,64.2,,131.3,,118.8,,107.6,
2018 M09,947.4,,540.5,,133.9,,813.5,,38.6,,810.4,,32.8,,295.2,,388.8,,5.7,,145.9,,111.7,,157.1,,88.6,,118.6,,107.8,,98.0,
2018 M10,937.3,,533.3,,131.7,,805.7,,37.6,,800.6,,35.4,,292.2,,.,,5.7,,149.5,,118.3,,159.6,,83.8,,131.2,,122.6,,99.1,
2018 M11,950.5,,537.7,,130.2,,820.4,,37.5,,804.0,,35.0,,295.0,,.,,5.7,,139.5,,115.6,,126.3,,67.8,,108.7,,102.5,,90.3,
2018 M12,968.9,,542.6,,129.5,,839.4,,37.9,,815.6,,34.6,,299.3,,383.3,,5.8,,133.7,,117.5,,115.4,,67.9,,82.7,,78.1,,62.7,
2019 M01,1023.1,,564.7,,131.6,,891.5,,39.7,,856.7,,37.4,,315.1,,.,,6.1,,167.7,,139.3,,113.5,,59.5,,131.5,,118.4,,86.1,
2019 M02,1016.7,,558.2,,128.7,,888.0,,39.5,,851.3,,35.8,,314.4,,.,,6.1,,123.2,,101.0,,129.6,,62.2,,121.3,,104.4,,90.4,
2019 M03,984.7,,541.5,,123.1,,861.7,,38.7,,827.5,,33.0,,305.0,,380.7,,5.9,,123.6,,102.4,,155.5,,73.3,,128.9,,113.7,,84.6,
2019 M04,938.3,,520.3,,117.4,,820.9,,37.5,,787.9,,18.0,,290.5,,.,,5.6,,112.9,,94.0,,159.4,,76.5,,118.8,,106.7,,88.8,
2019 M05,906,,506.1,,116.0,,790.0,,36.6,,762.1,,21.3,,281.7,,.,,5.4,,110.4,,88.6,,142.6,,67.9,,123.9,,114.6,,98.4,
2019 M06,877.1,,494.2,,112.5,,764.6,,35.7,,735.8,,15.2,,271.9,,360.8,,5.3,,98.7,,80.8,,127.7,,59.5,,103.1,,94.0,,83.9,
2019 M07,868.4,,495.1,,111.1,,757.3,,35.1,,727.4,,17.3,,266.2,,.,,5.2,,127.7,,103.1,,136.4,,61.1,,119.9,,109.7,,87.3,
2019 M08,865.5,,496.7,,111.4,,754.1,,34.8,,726.0,,20.9,,264.5,,.,,5.2,,117.4,,95.5,,120.3,,56.8,,108.8,,98.1,,80.8,
2019 M09,851.2,,483.3,,114.4,,736.7,,34.0,,718.7,,30.0,,263.3,,338.5,,5.1,,137.5,,104.6,,151.8,,84.2,,110.6,,100.8,,85.1,
2019 M10,840.5,,475.5,,113.0,,727.5,,33.4,,707.7,,33.3,,259.6,,.,,5,,137,,108.0,,147.6,,77.0,,111.3,,103.9,,80.9,
2019 M11,849.6,,476.7,,111.5,,738.2,,33.8,,713.8,,32.8,,261.5,,.,,5.1,,122.5,,101.2,,113.4,,60.8,,90.9,,85.3,,67.7,
2019 M12,866.4,,479.4,,110.2,,756.1,,34.5,,723.9,,32.4,,265.2,,328.9,,5.2,,118,,102.0,,101.3,,55.8,,78.4,,73.9,,47.8,
2020 M01,922.2,,503.6,,112.9,,809.3,,36.9,,766.3,,35.4,,281.0,,.,,5.5,,154.6,,127.7,,98.8,,51.2,,121.1,,109.1,,76.8,
2020 M02,919.9,,498.9,,110.9,,809.0,,36.6,,765.7,,34.5,,280.6,,.,,5.5,,116.3,,94.7,,118.7,,58.5,,112.7,,97.2,,68.2,
2020 M03,909.4,,491.7,,108.4,,801.0,,36.9,,762.3,,33.6,,276.7,,330.9,,5.4,,98.6,,80.1,,109.0,,57.0,,77.6,,69.1,,47.2,
2020 M04,965.8,,521.6,,110.9,,854.9,,44.5,,798.2,,20.7,,289.3,,.,,5.8,,99.9,,81.0,,43.6,,28.0,,58.2,,54.3,,47.8,
2020 M05,1011.7,,545.1,,115.1,,896.6,,50.3,,830.7,,24.1,,304.4,,.,,6,,105.4,,83.1,,59.5,,39.4,,75.6,,69.3,,54.0,
2020 M06,1026.5,,551.0,,118.2,,908.2,,52.3,,841.4,,16.5,,313.0,,355.5,,6.1,,106.4,,83.7,,91.6,,61.2,,93.2,,85.6,,66.3,
2020 M07,1029.5,,555.0,,121.6,,907.9,,51.9,,848.7,,17.4,,316.6,,.,,6.1,,111.4,,86.1,,108.4,,69.4,,105.9,,95.9,,72.8,
2020 M08,1028,,557.5,,124.0,,903.9,,51.4,,853.3,,20.5,,318.0,,.,,6.1,,99.2,,77.3,,100.7,,63.7,,96.4,,85.9,,73.7,
2020 M09,1023.7,,552.9,,129.2,,894.6,,52.1,,853.8,,30.2,,321.3,,379.7,,6.1,,131.4,,95.4,,135.6,,89.8,,111.5,,101.2,,78.7,
2020 M10,1018.4,,549.0,,130.5,,887.9,,50.5,,853.1,,35.3,,321.1,,.,,6.1,,115.1,,84.5,,120.5,,75.9,,100.5,,92.9,,65.0,
2020 M11,1025.7,,552.6,,130.0,,895.7,,50.3,,861.1,,36.0,,324.3,,.,,6.1,,97.1,,75.8,,89.7,,59.5,,81.7,,76.1,,59.2,
2020 M12,1046.4,,561.6,,130.5,,915.9,,50.6,,878.7,,36.2,,331.3,,415.5,,6.8,,105.4,,88.4,,84.7,,59.9,,81.3,,76.7,,43.8,
2021 M01,1090.4,,583.4,,133.7,,956.7,,52.6,,915.5,,39.0,,345.6,,442.3,,7,,115.1,,92.0,,71.2,,46.8,,101.4,,91.9,,61.0,
2021 M02,1099.5,,585.2,,134.0,,965.5,,51.9,,931.2,,39.0,,351.1,,456.4,,7.1,,101.6,,79.2,,92.4,,57.0,,105.4,,89.8,,61.4,
2021 M03,1078.4,,573.6,,130.4,,948.0,,49.7,,921.5,,37.1,,346.8,,459.6,,6.9,,102.6,,80.7,,123.7,,72.0,,117.9,,103.5,,68.8,
2021 M04,1053.8,,563.2,,127.2,,926.6,,47.7,,904.3,,17.5,,340.5,,461.1,,6.8,,84.6,,67.8,,109.2,,66.3,,110.1,,100.0,,76.3,
2021 M05,1026.7,,550.7,,127.8,,898.9,,45.7,,885.4,,21.2,,335.0,,463.9,,6.6,,85.3,,64.6,,112.3,,68.7,,114.8,,103.9,,84.7,
2021 M06,993.4,,534.4,,123.8,,869.6,,43.9,,856.3,,15.1,,324.8,,462.6,,6.4,,84.1,,66.7,,117.4,,69.8,,117.8,,107.9,,90.9,
2021 M07,974.9,,529.1,,121.3,,853.6,,42.7,,841.2,,15.4,,316.8,,460.2,,6.3,,97,,76.4,,115.5,,64.2,,122.4,,112.0,,88.7,
2021 M08,960.8,,525.4,,120.4,,840.4,,41.5,,831.1,,18.6,,311.0,,454.6,,6.2,,95.4,,74.8,,109.4,,59.0,,116.6,,104.8,,89.8,
2021 M09,934.7,,507.9,,121.6,,813.1,,39.5,,814.8,,26.4,,306.3,,450,,6.1,,114.1,,84.1,,140.3,,83.4,,124.2,,112.3,,94.6,
2021 M10,910.9,,494.7,,118.5,,792.5,,38.1,,794.2,,29.2,,298.1,,443.7,,5.9,,107,,81.6,,130.7,,73.0,,121.0,,111.0,,81.4,
2021 M11,898.8,,486.7,,115.2,,783.6,,37.0,,781.6,,28.8,,293.3,,433.8,,5.8,,101.1,,80.9,,113.2,,64.3,,113.6,,105.6,,82.5,
2021 M12,895.2,,481.9,,111.3,,783.9,,36.4,,775.9,,27.7,,291.4,,427.5,,5.8,,101.4,,86.4,,105.0,,63.2,,97.0,,91.3,,60.4,
2022 M01,927.1,,496.0,,111.8,,815.3,,37.9,,800.0,,29.5,,300.4,,428.7,,5.9,,114.5,,93.6,,82.6,,47.8,,115.8,,103.5,,76.4,
2022 M02,921.8,,491.3,,109.4,,812.4,,37.5,,795.5,,28.4,,299.5,,424.8,,5.9,,92.9,,74.5,,98.3,,54.1,,117.9,,101.3,,81.3,
2022 M03,902.1,,486.2,,114.6,,787.5,,36.0,,781.4,,26.5,,297.3,,414.1,,5.8,,111.8,,80.7,,131.5,,68.0,,140.7,,122.0,,94.8,
2022 M04,878,,477.8,,116.1,,761.9,,35.1,,760.9,,24.6,,288.5,,402.8,,5.6,,100.8,,71.2,,124.9,,64.5,,100.4,,88.8,,79.8,
2022 M05,850.2,,464.0,,114.2,,736.0,,34.2,,735.8,,16.8,,279.3,,389.4,,5.4,,99.2,,70.8,,126.9,,61.4,,106.2,,94.8,,89.2,
2022 M06,818,,448.2,,108.4,,709.7,,33.0,,704.7,,12.4,,267.7,,375.2,,5.2,,93.6,,70.7,,125.8,,57.7,,96.2,,85.9,,83.1,
2022 M07,810.2,,447.2,,106.7,,703.6,,32.7,,697.6,,13.6,,262.6,,365.1,,5.2,,103.5,,79.1,,111.3,,50.6,,89.7,,79.9,,74.8,
2022 M08,806.9,,447.6,,106.9,,700.1,,32.4,,695.0,,17.9,,260.1,,355,,5.2,,106.8,,81.1,,110.1,,51.9,,98.7,,84.4,,79.0,
2022 M09,801.7,,439.2,,110.7,,690.9,,31.5,,694.3,,31.5,,261.4,,344.8,,5.1,,132.6,,91.3,,137.8,,75.3,,99.5,,86.7,,78.4,
2022 M10,796,,434.2,,109.5,,686.5,,31.2,,688.5,,35.2,,259.0,,337.2,,5.1,,118.8,,87.8,,124.5,,64.6,,88.5,,78.2,,65.4,
2022 M11,800.2,,433.8,,107.9,,692.3,,31.2,,689.5,,35.9,,259.8,,331,,5.1,,114.3,,88.1,,110.2,,59.2,,78.9,,69.5,,62.1,
2022 M12,812.3,,436.4,,106.9,,705.4,,32.1,,696.9,,35.8,,262.9,,328.7,,5.2,,113,,94.9,,100.9,,59.6,,68.3,,61.1,,44.1,
